time,period
900,Period 1
901,Period 1
902,Period 1
903,Period 1
904,Period 1
905,Period 1
906,Period 1
907,Period 1
908,Period 1
909,Period 1
910,Period 1
911,Period 1
912,Period 1
913,Period 1
914,Period 1
915,Period 1
916,Period 1
917,Period 1
918,Period 1
919,Period 1
920,Period 1
921,Period 1
922,Period 1
923,Period 1
924,Period 1
925,Period 1
926,Period 1
927,Period 1
928,Period 1
929,Period 1
930,Period 1
931,Period 1
932,Period 1
933,Period 1
934,Period 1
935,Period 1
936,Period 1
937,Period 1
938,Period 1
939,Period 1
940,Period 1
941,Period 1
942,Period 1
943,Period 1
944,Period 1
945,Period 1
946,Period 1
947,Period 1
948,Period 1
949,Period 1
950,Period 1
951,Period 1
952,Period 1
953,Period 1
954,Period 1
955,Period 1
956,Period 1
957,Period 1
958,Period 1
959,Period 1
1000,Period 1
1001,Period 1
1002,Period 1
1003,Period 1
1004,Period 1
1005,Period 1
1006,Period 1
1007,Period 1
1008,Period 1
1009,Period 1
1010,Period 1
1011,Period 1
1012,Period 1
1013,Period 1
1014,Period 1
1015,Period 1
1016,Period 1
1017,Period 1
1018,Period 1
1019,Period 1
1020,Period 2
1021,Period 2
1022,Period 2
1023,Period 2
1024,Period 2
1025,Period 2
1026,Period 2
1027,Period 2
1028,Period 2
1029,Period 2
1030,Period 2
1031,Period 2
1032,Period 2
1033,Period 2
1034,Period 2
1035,Period 2
1036,Period 2
1037,Period 2
1038,Period 2
1039,Period 2
1040,Period 2
1041,Period 2
1042,Period 2
1043,Period 2
1044,Period 2
1045,Period 2
1046,Period 2
1047,Period 2
1048,Period 2
1049,Period 2
1050,Period 2
1051,Period 2
1052,Period 2
1053,Period 2
1054,Period 2
1055,Period 2
1056,Period 2
1057,Period 2
1058,Period 2
1059,Period 2
1100,Period 2
1101,Period 2
1102,Period 2
1103,Period 2
1104,Period 2
1105,Period 2
1106,Period 2
1107,Period 2
1108,Period 2
1109,Period 2
1110,Period 2
1111,Period 2
1112,Period 2
1113,Period 2
1114,Period 2
1115,Period 2
1116,Period 2
1117,Period 2
1118,Period 2
1119,Period 2
1120,Period 2
1121,Period 2
1122,Period 2
1123,Period 2
1124,Period 2
1125,Period 2
1126,Period 2
1127,Period 2
1128,Period 2
1129,Period 2
1130,Period 2
1131,Period 2
1132,Period 2
1133,Period 2
1134,Period 2
1135,Period 2
1136,Period 2
1137,Period 2
1138,Period 2
1139,Period 2
1140,Lunch Break
1141,Lunch Break
1142,Lunch Break
1143,Lunch Break
1144,Lunch Break
1145,Lunch Break
1146,Lunch Break
1147,Lunch Break
1148,Lunch Break
1149,Lunch Break
1150,Lunch Break
1151,Lunch Break
1152,Lunch Break
1153,Lunch Break
1154,Lunch Break
1155,Lunch Break
1156,Lunch Break
1157,Lunch Break
1158,Lunch Break
1159,Lunch Break
1200,Lunch Break
1201,Lunch Break
1202,Lunch Break
1203,Lunch Break
1204,Lunch Break
1205,Lunch Break
1206,Lunch Break
1207,Lunch Break
1208,Lunch Break
1209,Lunch Break
1210,Lunch Break
1211,Lunch Break
1212,Lunch Break
1213,Lunch Break
1214,Lunch Break
1215,Lunch Break
1216,Lunch Break
1217,Lunch Break
1218,Lunch Break
1219,Lunch Break
1220,Lunch Break
1221,Lunch Break
1222,Lunch Break
1223,Lunch Break
1224,Lunch Break
1225,Period 3
1226,Period 3
1227,Period 3
1228,Period 3
1229,Period 3
1230,Period 3
1231,Period 3
1232,Period 3
1233,Period 3
1234,Period 3
1235,Period 3
1236,Period 3
1237,Period 3
1238,Period 3
1239,Period 3
1240,Period 3
1241,Period 3
1242,Period 3
1243,Period 3
1244,Period 3
1245,Period 3
1246,Period 3
1247,Period 3
1248,Period 3
1249,Period 3
1250,Period 3
1251,Period 3
1252,Period 3
1253,Period 3
1254,Period 3
1255,Period 3
1256,Period 3
1257,Period 3
1258,Period 3
1259,Period 3
1300,Period 3
1301,Period 3
1302,Period 3
1303,Period 3
1304,Period 3
1305,Period 3
1306,Period 3
1307,Period 3
1308,Period 3
1309,Period 3
1310,Period 3
1311,Period 3
1312,Period 3
1313,Period 3
1314,Period 3
1315,Period 3
1316,Period 3
1317,Period 3
1318,Period 3
1319,Period 3
1320,Period 3
1321,Period 3
1322,Period 3
1323,Period 3
1324,Period 3
1325,Period 3
1326,Period 3
1327,Period 3
1328,Period 3
1329,Period 3
1330,Period 3
1331,Period 3
1332,Period 3
1333,Period 3
1334,Period 3
1335,Period 3
1336,Period 3
1337,Period 3
1338,Period 3
1339,Period 3
1340,Period 3
1341,Period 3
1342,Period 3
1343,Period 3
1344,Period 3
1345,Period 4
1346,Period 4
1347,Period 4
1348,Period 4
1349,Period 4
1350,Period 4
1351,Period 4
1352,Period 4
1353,Period 4
1354,Period 4
1355,Period 4
1356,Period 4
1357,Period 4
1358,Period 4
1359,Period 4
1400,Period 4
1401,Period 4
1402,Period 4
1403,Period 4
1404,Period 4
1405,Period 4
1406,Period 4
1407,Period 4
1408,Period 4
1409,Period 4
1410,Period 4
1411,Period 4
1412,Period 4
1413,Period 4
1414,Period 4
1415,Period 4
1416,Period 4
1417,Period 4
1418,Period 4
1419,Period 4
1420,Period 4
1421,Period 4
1422,Period 4
1423,Period 4
1424,Period 4
1425,Period 4
1426,Period 4
1427,Period 4
1428,Period 4
1429,Period 4
1430,Period 4
1431,Period 4
1432,Period 4
1433,Period 4
1434,Period 4
1435,Period 4
1436,Period 4
1437,Period 4
1438,Period 4
1439,Period 4
1440,Period 4
1441,Period 4
1442,Period 4
1443,Period 4
1444,Period 4
1445,Period 4
1446,Period 4
1447,Period 4
1448,Period 4
1449,Period 4
1450,Period 4
1451,Period 4
1452,Period 4
1453,Period 4
1454,Period 4
1455,Period 4
1456,Period 4
1457,Period 4
1458,Period 4
1459,Period 4
1500,Period 4
1501,Period 4
1502,Period 4
1503,Period 4
1504,Period 4
1505,Period 5
1506,Period 5
1507,Period 5
1508,Period 5
1509,Period 5
1510,Period 5
1511,Period 5
1512,Period 5
1513,Period 5
1514,Period 5
1515,Period 5
1516,Period 5
1517,Period 5
1518,Period 5
1519,Period 5
1520,Period 5
1521,Period 5
1522,Period 5
1523,Period 5
1524,Period 5
1525,Period 5
1526,Period 5
1527,Period 5
1528,Period 5
1529,Period 5
1530,Period 5
1531,Period 5
1532,Period 5
1533,Period 5
1534,Period 5
1535,Period 5
1536,Period 5
1537,Period 5
1538,Period 5
1539,Period 5
1540,Period 5
1541,Period 5
1542,Period 5
1543,Period 5
1544,Period 5
1545,Period 5
