day,date,cohort
NO CLASS for students  / PD Morning for staff,2020-10-9,NO CLASS For Students - Morning PD for Staff
NO CLASS for student and staff,2020-10-12,NO CLASS for staff and students
Day 4-1,2020-10-13,Senior School Cohort #1 on campus
Day 4-2,2020-10-14,Senior School Cohort #2 on campus
Day 5-1,2020-10-15,Senior School Cohort #1 on campus
Day 5-2,2020-10-16,Senior School Cohort #2 on campus
Day 6-1,2020-10-19,Senior School Cohort #1 on campus
Day 6-2,2020-10-20,Senior School Cohort #2 on campus
Day 7-1,2020-10-21,Senior School Cohort #1 on campus
Day 7-2,2020-10-22,Senior School Cohort #2 on campus
Day 8-1,2020-10-23,Senior School Cohort #1 on campus
Day 8-2,2020-10-26,Senior School Cohort #2 on campus
Day 1-1,2020-10-27,Senior School Cohort #1 on campus
Day 1-2,2020-10-28,Senior School Cohort #2 on campus
Day 2-1,2020-10-29,Senior School Cohort #1 on campus
Day 2-2,2020-10-30,Senior School Cohort #2 on campus
Day 3-1,2020-11-2,Senior School Cohort #1 on campus
Day 3-2,2020-11-3,Senior School Cohort #2 on campus
Day 4-1,2020-11-04,Senior School Cohort #1 on campus
Day 4-2,2020-11-5,Senior School Cohort #2 on campus
Day 5-1,2020-11-6,Senior School Cohort #1 on campus
Day 5-2,2020-11-9,Senior School Cohort #2 on campus
Day 6-1,2020-11-10,Senior School Cohort #1 on campus
Day 6-2,2020-11-11,Senior School Cohort #2 on campus
Day 7-1,2020-11-12,Senior School Cohort #1 on campus
Day 7-2,2020-11-17,Senior School Cohort #2 on campus
Day 8-1,2020-11-18,Senior School Cohort #1 on campus
Day 8-2,2020-11-19,Senior School Cohort #2 on campus
Day 1-1 (Half Day),2020-11-20,Early Departure for Students - Senior School Cohort #1 on campus
Day 1-2,2020-11-23,Senior School Cohort #2 on campus
Day 2-1,2020-11-24,Senior School Cohort #1 on campus
Day 2-2,2020-11-25,Senior School Cohort #2 on campus
Day 3-1,2020-11-26,Senior School Cohort #1 on campus
Day 3-2,2020-11-27,Senior School Cohort #2 on campus
Day 4-1,2020-11-30,Senior School Cohort #1 on campus
Day 4-2,2020-12-1,Senior School Cohort #2 on campus
Day 5-1,2020-12-2,Senior School Cohort #1 on campus
Day 5-2,2020-12-3,Senior School Cohort #2 on campus
Day 6-1 (Half Day),2020-12-4,Early Departure for Students - Senior School Cohort #1 on campus
Day 6-2,2020-12-7,Senior School Cohort #2 on campus
Day 7-1,2020-12-8,Senior School Cohort #1 on campus
Day 7-2,2020-12-9,Senior School Cohort #2 on campus
Day 8-1,2020-12-10,Senior School Cohort #1 on campus
Day 8-2,2020-12-11,Senior School Cohort #2 on campus
Day 1-1,2020-12-14,Senior School Cohort #1 on campus
Day 1-2,2020-12-15,Senior School Cohort #2 on campus
Day 2-1,2020-12-16,Senior School Cohort #1 on campus
Day 2-2,2020-12-17,Senior School Cohort #2 on campus
Day 3-1,2020-12-18,Senior School Cohort #1 on campus
Day 3-2,2021-1-4,Senior School Cohort #2 on campus
Day 4-1,2021-1-5,Senior School Cohort #1 on campus
Day 4-2,2021-1-6,Senior School Cohort #2 on campus
Day 5-1,2021-1-7,Senior School Cohort #1 on campus
Day 5-2,2021-1-8,Senior School Cohort #2 on campus
Day 6-1,2021-1-11,Senior School Cohort #1 on campus
Day 6-2,2021-1-12,Senior School Cohort #2 on campus
Day 7-1,2021-1-13,Senior School Cohort #1 on campus
Day 7-2,2021-1-14,Senior School Cohort #2 on campus
Day 8-1,2021-1-15,Senior School Cohort #1 on campus
Day 8-2,2021-1-18,Senior School Cohort #2 on campus
Day 1-1,2021-1-19,Senior School Cohort #1 on campus
Day 1-2,2021-1-20,Senior School Cohort #2 on campus
Day 2-1,2021-1-21,Senior School Cohort #1 on campus
Day 2-2 (Half Day),2021-1-22,Early Departure for Students - Senior School Cohort # 2 on campus
Day 3-1,2021-1-25,Senior School Cohort #1 on campus
Day 3-2,2021-1-26,Senior School Cohort #2 on campus
Day 4-1,2021-1-27,Senior School Cohort #1 on campus
Day 4-2,2021-1-28,Senior School Cohort #2 on campus
Day 5-1,2021-1-29,Senior School Cohort #1 on campus
Day 5-2,2021-2-1,Senior School Cohort #2 on campus
Day 6-1,2021-2-2,Senior School Cohort #1 on campus
Day 6-2,2021-2-3,Senior School Cohort #2 on campus
Day 7-1,2021-2-04,Senior School Cohort #1 on campus
Day 7-2,2021-2-5,Senior School Cohort #2 on campus
Day 8-1,2021-2-8,Senior School Cohort #1 on campus
Day 8-2,2021-2-9,Senior School Cohort #2 on campus
Day 1-1,2021-2-10,Senior School Cohort #1 on campus
Day 1-2,2021-2-11,Senior School Cohort #2 on campus
Day 2-1,2021-2-16,Senior School Cohort #1 on campus
Day 2-2,2021-2-17,Senior School Cohort #2 on campus
Day 3-1,2021-2-18,Senior School Cohort #1 on campus
Day 3-2,2021-2-19,Senior School Cohort #2 on campus
Day 4-1,2021-2-22,Senior School Cohort #1 on campus
Day 4-2,2021-2-23,Senior School Cohort #2 on campus
Day 5-1,2021-2-24,Senior School Cohort #1 on campus
Day 5-2,2021-2-25,Senior School Cohort #2 on campus
Day 6-1,2021-2-26,Senior School Cohort #1 on campus
Day 6-2,2021-3-1,Senior School Cohort #2 on campus
Day 7-1,2021-3-2,Senior School Cohort #1 on campus
Day 7-2,2021-3-3,Senior School Cohort #2 on campus
Day 8-1,2021-3-04,Senior School Cohort #1 on campus
Day 8-2 (Half Day),2021-3-5,Early Departure for Students - Senior School Cohort #2 on campus
Day 1-1,2021-3-22,Senior School Cohort #1 on campus
Day 1-2,2021-3-23,Senior School Cohort #2 on campus
Day 2-1,2021-3-24,Senior School Cohort #1 on campus
Day 2-2,2021-3-25,Senior School Cohort #2 on campus
Day 3-1,2021-3-26,Senior School Cohort #1 on campus
Day 3-2,2021-3-29,Senior School Cohort #2 on campus
Day 4-1,2021-3-30,Senior School Cohort #1 on campus
Day 4-2,2021-3-31,Senior School Cohort #2 on campus
Day 5-1,2021-04-1,Senior School Cohort #1 on campus
Day 5-2,2021-04-6,Senior School Cohort #2 on campus
Day 6-1,2021-04-7,Senior School Cohort #1 on campus
Day 6-2,2021-04-8,Senior School Cohort #2 on campus
Day 7-1,2021-04-9,Senior School Cohort #1 on campus
Day 7-2,2021-04-12,Senior School Cohort #2 on campus
Day 8-1,2021-04-13,Senior School Cohort #1 on campus
Day 8-2,2021-04-14,Senior School Cohort #2 on campus
Day 1-1,2021-04-15,Senior School Cohort #1 on campus
Day 1-2,2021-04-16,Senior School Cohort #2 on campus
Day 2-1,2021-04-19,Senior School Cohort #1 on campus
Day 2-2,2021-04-20,Senior School Cohort #2 on campus
Day 3-1,2021-04-21,Senior School Cohort #1 on campus
Day 3-2,2021-04-22,Senior School Cohort #2 on campus
Day 4-1,2021-04-23,Senior School Cohort #1 on campus
Day 4-2,2021-04-26,Senior School Cohort #2 on campus
Day 5-1,2021-04-27,Senior School Cohort #1 on campus
Day 5-2,2021-04-28,Senior School Cohort #2 on campus
Day 6-1,2021-04-29,Senior School Cohort #1 on campus
Day 6-2,2021-04-30,Senior School Cohort #2 on campus
Day 7-1,2021-5-3,Senior School Cohort #1 on campus
Day 7-2,2021-5-04,Senior School Cohort #2 on campus
Day 8-1,2021-5-5,Senior School Cohort #1 on campus
Day 8-2,2021-5-6,Senior School Cohort #2 on campus
Day 1-1,2021-5-7,Senior School Cohort #1 on campus
Day 1-2,2021-5-10,Senior School Cohort #2 on campus
Day 2-1,2021-5-11,Senior School Cohort #1 on campus
Day 2-2,2021-5-12,Senior School Cohort #2 on campus
Day 3-1,2021-5-13,Senior School Cohort #1 on campus
Day 3-2,2021-5-14,Senior School Cohort #2 on campus
Day 4-1,2021-5-17,Senior School Cohort #1 on campus
Day 4-2,2021-5-18,Senior School Cohort #2 on campus
Day 5-1,2021-5-19,Senior School Cohort #1 on campus
Day 5-2,2021-5-20,Senior School Cohort #2 on campus
Day 6-1,2021-5-25,Senior School Cohort #1 on campus
Day 6-2,2021-5-26,Senior School Cohort #2 on campus
Day 7-1,2021-5-27,Senior School Cohort #1 on campus
Day 7-2,2021-5-28,Senior School Cohort #2 on campus
Day 8-1,2021-5-31,Senior School Cohort #1 on campus
Day 8-2,2021-6-1,Senior School Cohort #2 on campus
Day 1-1,2021-6-2,Senior School Cohort #1 on campus
Day 1-2,2021-6-3,Senior School Cohort #2 on campus
Day 2-1,2021-6-04,Senior School Cohort #1 on campus
Day 2-2,2021-6-7,Senior School Cohort #2 on campus
Day 3-1,2021-6-8,Senior School Cohort #1 on campus
Day 3-2,2021-6-9,Senior School Cohort #2 on campus
Day 4-1,2021-6-10,Senior School Cohort #1 on campus
Day 4-2,2021-6-11,Senior School Cohort #2 on campus
Day 5-1,2021-6-14,Senior School Cohort #1 on campus
Day 5-2,2021-6-15,Senior School Cohort #2 on campus
Day 6-1,2021-6-16,Senior School Cohort #1 on campus
Day 6-2,2021-6-17,Senior School Cohort #2 on campus
Day 7-1 (Last Day of School),2021-6-18,Last Day of School - Senior School Cohort #1 on campus
